﻿<Ui xmlns="http://www.blizzard.com/wow/ui/" xmlns:xsi="http://www.w3.org/2001/XMLSchema-instance" xsi:schemaLocation="http://www.blizzard.com/wow/ui/
..\FrameXML\UI.xsd">
  <Button name="TTTMinimap" parent="Minimap" enableMouse="true" movable="true" hidden="false">
    <Size>
      <AbsDimension x="33" y="33"/>
    </Size>
    <Anchors>
      <Anchor point="TOPLEFT"/>
    </Anchors>
    <Layers>
      <Layer level="BACKGROUND">
        <Texture name="minimap" file="Interface\AddOns\TicTacToe\graphics\minimap">
          <Size>
            <AbsDimension x="21" y="21"/>
          </Size>
          <Anchors>
            <Anchor point="TOPLEFT">
              <Offset>
                <AbsDimension x="7" y="-6"/>
              </Offset>
            </Anchor>
          </Anchors>
        </Texture>
      </Layer>
      <Layer level="OVERLAY">
        <Texture file="Interface\Minimap\MiniMap-TrackingBorder">
          <Size>
            <AbsDimension x="56" y="56"/>
          </Size>
          <Anchors>
            <Anchor point="TOPLEFT"/>
          </Anchors>
        </Texture>
      </Layer>
    </Layers>
    <Frames>
      <Frame name="TTTMinimap_drag" hidden="true">
        <Scripts>
          <OnUpdate>
            TicTacToe.DragIcon()
          </OnUpdate>
        </Scripts>
      </Frame>
    </Frames>
    <HighlightTexture alphaMode="ADD" file="Interface\Minimap\UI-Minimap-ZoomButton-Highlight"/>
    <Scripts>
      <OnLoad>
        self:RegisterForClicks("LeftButtonUp","RightButtonUp")
        self:RegisterForDrag("LeftButton","RightButton")
      </OnLoad>
      <OnDragStart>
        self:LockHighlight()
        TTTMinimap_drag:Show()
      </OnDragStart>
      <OnDragStop>
        self:UnlockHighlight()
        TTTMinimap_drag:Hide()
      </OnDragStop>
      <OnClick>
        TicTacToe.HandleMouseClick(self, button)
      </OnClick>
    </Scripts>
  </Button>
</Ui>
